{
  "Routes":
  [
    {
      "UpstreamPathTemplate": "/gateway/Orders",
      "DownstreamPathTemplate": "/api/Orders",
      "DownstreamHostAndPorts":
      [
        {
          "Host": "ordersmicroservice.api",
          "Port": 8080
        }
      ],
      /* http://localhost:5000/gateway/Orders to http://ordersmicroservice.api:8080/api/Orders */
      "UpstreamHttpMethod":
      [
        "Get",
        "Post",
        "Options"
      ],
      "UpstreamScheme": "http"
    }

  ],
  "GlobalConfiguration":
  {
    "BaseUrl": "http://localhost:4000"
  }
}
